text|label
"Premise:\nA place of sorrow, after Pope John Paul II died, became a place of celebration, as Roman Catholic faithful gathered in downtown Chicago to mark the installation of new Pope Benedict XVI.\nBased on this premise, can we conclude the hypothesis "Pope Benedict XVI is the new leader of the Roman Catholic Church." is true?\nYour answer should be Yes or No, and should appear at the end of your response after "Answer:". For instance, if your answer is Yes, end your response with "Answer: Yes".\n\n Let's think step-by-step.\n1. The premise states that the installation of the new Pope Benedict XVI was celebrated by Roman Catholic faithful in downtown Chicago after the death of Pope John Paul II.\nAnswer: "|Yes
"Premise:\nA place of sorrow, after Pope John Paul II died, became a place of celebration, as Roman Catholic faithful gathered in downtown Chicago to mark the installation of new Pope Benedict XVI.\nBased on this premise, can we conclude the hypothesis "Pope Benedict XVI is the new leader of the Roman Catholic Church." is true?\nYour answer should be Yes or No, and should appear at the end of your response after "Answer:". For instance, if your answer is Yes, end your response with "Answer: Yes".\n\n Let's think step-by-step.\n1. The premise states that Roman Catholic faithful gathered in downtown Chicago to mark the installation of new Pope Benedict XVI.\nAnswer: "|Yes
"Premise:\nA place of sorrow, after Pope John Paul II died, became a place of celebration, as Roman Catholic faithful gathered in downtown Chicago to mark the installation of new Pope Benedict XVI.\nBased on this premise, can we conclude the hypothesis "Pope Benedict XVI is the new leader of the Roman Catholic Church." is true?\nYour answer should be Yes or No, and should appear at the end of your response after "Answer:". For instance, if your answer is Yes, end your response with "Answer: Yes".\n\n Let's think step-by-step.\nFirst, we have the premise that Roman Catholic faithful gathered in downtown Chicago to mark the installation of new Pope Benedict XVI. This implies that there was indeed a new Pope being installed.\n\nAnswer: "|Yes
"Premise:\nHerceptin was already approved to treat the sickest breast cancer patients, and the company said, Monday, it will discuss with federal regulators the possibility of prescribing the drug for more breast cancer patients.\nBased on this premise, can we conclude the hypothesis "Herceptin can be used to treat breast cancer." is true?\nYour answer should be Yes or No, and should appear at the end of your response after "Answer:". For instance, if your answer is Yes, end your response with "Answer: Yes".\n\n Let's think step-by-step.\n1. The premise states that Herceptin was already approved to treat the sickest breast cancer patients.\n2. The premise also states that the company will discuss with federal regulators the possibility of prescribing the drug for more breast cancer patients.\n\nAnswer: "|Yes
"Premise:\nHerceptin was already approved to treat the sickest breast cancer patients, and the company said, Monday, it will discuss with federal regulators the possibility of prescribing the drug for more breast cancer patients.\nBased on this premise, can we conclude the hypothesis "Herceptin can be used to treat breast cancer." is true?\nYour answer should be Yes or No, and should appear at the end of your response after "Answer:". For instance, if your answer is Yes, end your response with "Answer: Yes".\n\n Let's think step-by-step.\n1. Herceptin was already approved to treat the sickest breast cancer patients.\n2. The company is discussing the possibility of prescribing the drug for more breast cancer patients.\n\nAnswer: "|Yes
"Premise:\nHerceptin was already approved to treat the sickest breast cancer patients, and the company said, Monday, it will discuss with federal regulators the possibility of prescribing the drug for more breast cancer patients.\nBased on this premise, can we conclude the hypothesis "Herceptin can be used to treat breast cancer." is true?\nYour answer should be Yes or No, and should appear at the end of your response after "Answer:". For instance, if your answer is Yes, end your response with "Answer: Yes".\n\n Let's think step-by-step.\nFirst, we know that Herceptin was already approved to treat the sickest breast cancer patients. This implies that it has been proven effective for at least a subset of breast cancer patients.\n\nThe premise then states that the company will discuss with federal regulators the possibility of prescribing Herceptin for more breast cancer patients. This suggests that the company believes there is a potential benefit to expanding the use of Herceptin in the treatment of breast cancer.\n\nAnswer: "|Yes
"Premise:\nHerceptin was already approved to treat the sickest breast cancer patients, and the company said, Monday, it will discuss with federal regulators the possibility of prescribing the drug for more breast cancer patients.\nBased on this premise, can we conclude the hypothesis "Herceptin can be used to treat breast cancer." is true?\nYour answer should be Yes or No, and should appear at the end of your response after "Answer:". For instance, if your answer is Yes, end your response with "Answer: Yes".\n\n Let's think step-by-step.\n1. The premise states that Herceptin was already approved to treat the sickest breast cancer patients.\n2. The premise also states that the company will discuss with federal regulators the possibility of prescribing the drug for more breast cancer patients.\n\nAnswer: "|Yes
"Premise:\nHerceptin was already approved to treat the sickest breast cancer patients, and the company said, Monday, it will discuss with federal regulators the possibility of prescribing the drug for more breast cancer patients.\nBased on this premise, can we conclude the hypothesis "Herceptin can be used to treat breast cancer." is true?\nYour answer should be Yes or No, and should appear at the end of your response after "Answer:". For instance, if your answer is Yes, end your response with "Answer: Yes".\n\n Let's think step-by-step.\nStep 1: Herceptin has already been approved to treat the sickest breast cancer patients.\nStep 2: The company plans to discuss with federal regulators the possibility of prescribing Herceptin for more breast cancer patients.\n\nAnswer: "|Yes
"Premise:\nHerceptin was already approved to treat the sickest breast cancer patients, and the company said, Monday, it will discuss with federal regulators the possibility of prescribing the drug for more breast cancer patients.\nBased on this premise, can we conclude the hypothesis "Herceptin can be used to treat breast cancer." is true?\nYour answer should be Yes or No, and should appear at the end of your response after "Answer:". For instance, if your answer is Yes, end your response with "Answer: Yes".\n\n Let's think step-by-step.\n1. Herceptin was already approved to treat the sickest breast cancer patients.\n2. The company will discuss with federal regulators the possibility of prescribing the drug for more breast cancer patients.\n\nAnswer: "|Yes
"Premise:\nHerceptin was already approved to treat the sickest breast cancer patients, and the company said, Monday, it will discuss with federal regulators the possibility of prescribing the drug for more breast cancer patients.\nBased on this premise, can we conclude the hypothesis "Herceptin can be used to treat breast cancer." is true?\nYour answer should be Yes or No, and should appear at the end of your response after "Answer:". For instance, if your answer is Yes, end your response with "Answer: Yes".\n\n Let's think step-by-step.\n1. Herceptin was already approved to treat the sickest breast cancer patients.\n2. The company will discuss with federal regulators the possibility of prescribing the drug for more breast cancer patients.\n\nAnswer: "|Yes
"Premise:\nHerceptin was already approved to treat the sickest breast cancer patients, and the company said, Monday, it will discuss with federal regulators the possibility of prescribing the drug for more breast cancer patients.\nBased on this premise, can we conclude the hypothesis "Herceptin can be used to treat breast cancer." is true?\nYour answer should be Yes or No, and should appear at the end of your response after "Answer:". For instance, if your answer is Yes, end your response with "Answer: Yes".\n\n Let's think step-by-step.\n1. The premise states that Herceptin was already approved to treat the sickest breast cancer patients.\nAnswer: "|Yes
"Premise:\nHerceptin was already approved to treat the sickest breast cancer patients, and the company said, Monday, it will discuss with federal regulators the possibility of prescribing the drug for more breast cancer patients.\nBased on this premise, can we conclude the hypothesis "Herceptin can be used to treat breast cancer." is true?\nYour answer should be Yes or No, and should appear at the end of your response after "Answer:". For instance, if your answer is Yes, end your response with "Answer: Yes".\n\n Let's think step-by-step.\nStep 1: The premise states that Herceptin was approved to treat the sickest breast cancer patients. This implies that Herceptin has been shown to be effective in treating some breast cancer patients.\n\nStep 2: The premise also mentions that the company will discuss the possibility of prescribing the drug for more breast cancer patients. This suggests that the company believes Herceptin may have additional uses in treating breast cancer.\n\nAnswer: "|Yes
"Premise:\nJudie Vivian, chief executive at ProMedica, a medical service company that helps sustain the 2-year-old Vietnam Heart Institute in Ho Chi Minh City (formerly Saigon), said that so far about 1,500 children have received treatment.\nBased on this premise, can we conclude the hypothesis "The previous name of Ho Chi Minh City was Saigon." is true?\nYour answer should be Yes or No, and should appear at the end of your response after "Answer:". For instance, if your answer is Yes, end your response with "Answer: Yes".\n\n Let's think step-by-step.\n1. The premise states that there is a medical service company called ProMedica helping sustain the Vietnam Heart Institute in Ho Chi Minh City.\n2. The premise further states that the previous name of Ho Chi Minh City was Saigon.\nAnswer: "|Yes
"Premise:\nJudie Vivian, chief executive at ProMedica, a medical service company that helps sustain the 2-year-old Vietnam Heart Institute in Ho Chi Minh City (formerly Saigon), said that so far about 1,500 children have received treatment.\nBased on this premise, can we conclude the hypothesis "The previous name of Ho Chi Minh City was Saigon." is true?\nYour answer should be Yes or No, and should appear at the end of your response after "Answer:". For instance, if your answer is Yes, end your response with "Answer: Yes".\n\n Let's think step-by-step.\n1. The premise states that Judie Vivian, chief executive at ProMedica, has mentioned that about 1,500 children have received treatment at the Vietnam Heart Institute in Ho Chi Minh City.\nAnswer: "|Yes
"Premise:\nBritain said, Friday, that it has barred cleric, Omar Bakri, from returning to the country from Lebanon, where he was released by police after being detained for 24 hours.\nBased on this premise, can we conclude the hypothesis "Bakri was briefly detained, but was released." is true?\nYour answer should be Yes or No, and should appear at the end of your response after "Answer:". For instance, if your answer is Yes, end your response with "Answer: Yes".\n\n Let's think step-by-step.\n1. The premise states that Omar Bakri was detained in Lebanon.\n2. The premise also states that he was released by the police after being detained for 24 hours.\nAnswer: "|Yes
"Premise:\nBritain said, Friday, that it has barred cleric, Omar Bakri, from returning to the country from Lebanon, where he was released by police after being detained for 24 hours.\nBased on this premise, can we conclude the hypothesis "Bakri was briefly detained, but was released." is true?\nYour answer should be Yes or No, and should appear at the end of your response after "Answer:". For instance, if your answer is Yes, end your response with "Answer: Yes".\n\n Let's think step-by-step.\n1. The premise states that Omar Bakri was detained for 24 hours in Lebanon.\nAnswer: "|Yes
"Premise:\nBritain said, Friday, that it has barred cleric, Omar Bakri, from returning to the country from Lebanon, where he was released by police after being detained for 24 hours.\nBased on this premise, can we conclude the hypothesis "Bakri was briefly detained, but was released." is true?\nYour answer should be Yes or No, and should appear at the end of your response after "Answer:". For instance, if your answer is Yes, end your response with "Answer: Yes".\n\n Let's think step-by-step.\n1. The premise states that Omar Bakri was detained in Lebanon for 24 hours.\nAnswer: "|Yes
"Premise:\nBritain said, Friday, that it has barred cleric, Omar Bakri, from returning to the country from Lebanon, where he was released by police after being detained for 24 hours.\nBased on this premise, can we conclude the hypothesis "Bakri was briefly detained, but was released." is true?\nYour answer should be Yes or No, and should appear at the end of your response after "Answer:". For instance, if your answer is Yes, end your response with "Answer: Yes".\n\n Let's think step-by-step.\nFirst, the premise states that cleric Omar Bakri was detained for 24 hours in Lebanon. This implies that he was indeed detained by the authorities in Lebanon. \n\nAnswer: "|Yes
"Premise:\nBritain said, Friday, that it has barred cleric, Omar Bakri, from returning to the country from Lebanon, where he was released by police after being detained for 24 hours.\nBased on this premise, can we conclude the hypothesis "Bakri was briefly detained, but was released." is true?\nYour answer should be Yes or No, and should appear at the end of your response after "Answer:". For instance, if your answer is Yes, end your response with "Answer: Yes".\n\n Let's think step-by-step.\n1) The premise states that cleric Omar Bakri was detained in Lebanon for 24 hours.\n2) The premise also states that Britain has barred him from returning to the country.\nAnswer: "|Yes
"Premise:\nBritain said, Friday, that it has barred cleric, Omar Bakri, from returning to the country from Lebanon, where he was released by police after being detained for 24 hours.\nBased on this premise, can we conclude the hypothesis "Bakri was briefly detained, but was released." is true?\nYour answer should be Yes or No, and should appear at the end of your response after "Answer:". For instance, if your answer is Yes, end your response with "Answer: Yes".\n\n Let's think step-by-step.\n1. The premise states that Omar Bakri was detained in Lebanon.\n2. The premise also states that he was released by the police after being detained for 24 hours.\nAnswer: "|Yes
"Premise:\nWASHINGTON --  A newly declassified narrative of the Bush administration's advice to the CIA on harsh interrogations shows that the small group of Justice Department lawyers who wrote memos authorizing controversial interrogation techniques were operating not on their own but with direction from top administration officials, including then-Vice President Dick Cheney and national security adviser Condoleezza Rice. At the same time, the narrative suggests that then-Defense Secretary Donald H. Rumsfeld and then-Secretary of State Colin Powell were largely left out of the decision-making process.\nBased on this premise, can we conclude the hypothesis "Dick Cheney was the Vice President of Bush." is true?\nYour answer should be Yes or No, and should appear at the end of your response after "Answer:". For instance, if your answer is Yes, end your response with "Answer: Yes".\n\n Let's think step-by-step.\nThe premise states that Dick Cheney was one of the top administration officials involved in advising the CIA on harsh interrogations. This means that he held a position of authority within the Bush administration. \n\nHowever, the hypothesis is asking whether Dick Cheney was the Vice President of Bush, which implies that he held the specific position of Vice President under President Bush. The premise does not explicitly state this information, only referring to him as "then-Vice President Dick Cheney."\n\nAnswer: "|Yes
"Premise:\nLina Joy, 42, was born Azlina Jailani to Malay parents, and was raised as a Muslim. Malaysia's constitution guarantees freedom of religion, but by law, all ethnic Malays are Muslim. Joy converted to Christianity at age 26, and after some bureaucratic difficulties had her named legally changed in 1999. However, on her MyKad national ID, the National Registration Department retained her stated religion as Islam. In order to have her religion changed, the National Registration Department said Joy would have to obtain a certificate of apostasy from the Muslim Sharia Court.\nBased on this premise, can we conclude the hypothesis "Lina Joy's parents are from Malaysia." is true?\nYour answer should be Yes or No, and should appear at the end of your response after "Answer:". For instance, if your answer is Yes, end your response with "Answer: Yes".\n\n Let's think step-by-step.\n1. The premise states that Lina Joy was raised as a Muslim and was born to Malay parents.\n2. The premise also mentions that all ethnic Malays in Malaysia are Muslim by law.\nAnswer: "|Yes
"Premise:\nNovember 9, 1989 , the day the Berlin Wall fell and the world changed forever . Not even the most astute saw it coming . As Hungary's foreign minister in the late summer of 1989 , Gyula Horn gave the order to let visiting East Germans use his country to do a 400-mile end run around the Berlin Wall , a move now seen as the beginning of the end for hard-line communism in Europe .\nBased on this premise, can we conclude the hypothesis "The Berlin Wall was torn down in 1989." is true?\nYour answer should be Yes or No, and should appear at the end of your response after "Answer:". For instance, if your answer is Yes, end your response with "Answer: Yes".\n\n Let's think step-by-step.\n1. The premise states that Gyula Horn, Hungary's foreign minister in 1989, allowed East Germans to use Hungary as a route to bypass the Berlin Wall.\n2. The premise claims that this move by Gyula Horn is now seen as the beginning of the end for hard-line communism in Europe.\n3. We can infer from the premise that this event took place before the Berlin Wall fell.\n4. The premise does not explicitly state that the Berlin Wall was torn down in 1989.\n\nAnswer: "|Yes
"Premise:\nGreg Page, a former heavyweight boxing champion who suffered a severe brain injury in a 2001 fight, has died at 50. His wife Patricia said the one-time WBA champion had died at his home in Kentucky, USA, of complications related to injuries he suffered in the fight. Page was in a coma for a week after the 9 March 2001 fight against Dale Crowe which was stopped in the 10th round. Patricia Page said he was "in a better place now" after announcing on Monday he had died overnight in his sleep.\nBased on this premise, can we conclude the hypothesis "Greg Page was a WBA champion." is true?\nYour answer should be Yes or No, and should appear at the end of your response after "Answer:". For instance, if your answer is Yes, end your response with "Answer: Yes".\n\n Let's think step-by-step.\n1. Greg Page suffered a severe brain injury in a 2001 fight.\n2. Patricia Page, Greg Page's wife, confirmed his death and stated that it was due to complications related to his injuries from the fight.\n3. Greg Page was a former heavyweight boxing champion.\nAnswer: "|Yes
"Premise:\nFIFA has received 11 bids to host the 2018 and 2022 FIFA World Cup tournaments, an international football competition contested by the men's national teams. The countries vying to host the tournament are Australia, England, Indonesia, Japan, Mexico, Qatar, Russia, South Korea and United States, who have individual bids and the joint bids are from Belgium-Netherlands and Spain-Portugal.  Select bids are for 2018 and 2022 tournaments and two bids are just for the 2022 tournament. Qatar and South Korea are vying just for the 2022 tournament. The two winning bids will be chosen on December 2010 by the 24-man executive committee of FIFA.  Said FIFA president Sepp Blatter: "We are very pleased about the fantastic level of interest in our flagship competition, with all initial bidders confirming their candidature."\nBased on this premise, can we conclude the hypothesis "Sepp Blatter is the president of FIFA." is true?\nYour answer should be Yes or No, and should appear at the end of your response after "Answer:". For instance, if your answer is Yes, end your response with "Answer: Yes".\n\n Let's think step-by-step.\nStep 1: The premise states that FIFA has received 11 bids to host the 2018 and 2022 FIFA World Cup tournaments, and the FIFA president Sepp Blatter comments on the level of interest in the competition.\n\nAnswer: "|Yes
"Premise:\nFIFA has received 11 bids to host the 2018 and 2022 FIFA World Cup tournaments, an international football competition contested by the men's national teams. The countries vying to host the tournament are Australia, England, Indonesia, Japan, Mexico, Qatar, Russia, South Korea and United States, who have individual bids and the joint bids are from Belgium-Netherlands and Spain-Portugal.  Select bids are for 2018 and 2022 tournaments and two bids are just for the 2022 tournament. Qatar and South Korea are vying just for the 2022 tournament. The two winning bids will be chosen on December 2010 by the 24-man executive committee of FIFA.  Said FIFA president Sepp Blatter: "We are very pleased about the fantastic level of interest in our flagship competition, with all initial bidders confirming their candidature."\nBased on this premise, can we conclude the hypothesis "Sepp Blatter is the president of FIFA." is true?\nYour answer should be Yes or No, and should appear at the end of your response after "Answer:". For instance, if your answer is Yes, end your response with "Answer: Yes".\n\n Let's think step-by-step.\nStep 1: Identify the statement related to the hypothesis.\nThe statement related to the hypothesis is "Said FIFA president Sepp Blatter: 'We are very pleased about the fantastic level of interest in our flagship competition...'" This statement implies that Sepp Blatter is the president of FIFA.\n\nStep 2: Assess the credibility of the source.\nAnswer: "|Yes
"Premise:\nRabies virus infects the central nervous system, causing encephalopathy and ultimately death. Early symptoms of rabies in humans are nonspecific, consisting of fever, headache, and general malaise.\nBased on this premise, can we conclude the hypothesis "Rabies is fatal in humans." is true?\nYour answer should be Yes or No, and should appear at the end of your response after "Answer:". For instance, if your answer is Yes, end your response with "Answer: Yes".\n\n Let's think step-by-step.\nStep 1: Rabies virus infects the central nervous system, causing encephalopathy and ultimately death.\nThis means that rabies affects the brain and can lead to encephalopathy, which is a general term for brain dysfunction. Additionally, it ultimately leads to death.\n\nStep 2: Early symptoms of rabies in humans are nonspecific, consisting of fever, headache, and general malaise.\nNonspecific symptoms are those that can be indicative of various illnesses and are not unique to a specific condition.\n\nStep 3: Putting it together.\nAnswer: "|Yes
"Premise:\nRabies virus infects the central nervous system, causing encephalopathy and ultimately death. Early symptoms of rabies in humans are nonspecific, consisting of fever, headache, and general malaise.\nBased on this premise, can we conclude the hypothesis "Rabies is fatal in humans." is true?\nYour answer should be Yes or No, and should appear at the end of your response after "Answer:". For instance, if your answer is Yes, end your response with "Answer: Yes".\n\n Let's think step-by-step.\nStep 1: Rabies virus infects the central nervous system, causing encephalopathy and ultimately death.\nStep 2: Early symptoms of rabies in humans are nonspecific, consisting of fever, headache, and general malaise.\n\nAnswer: "|Yes
"Premise:\nRabies virus infects the central nervous system, causing encephalopathy and ultimately death. Early symptoms of rabies in humans are nonspecific, consisting of fever, headache, and general malaise.\nBased on this premise, can we conclude the hypothesis "Rabies is fatal in humans." is true?\nYour answer should be Yes or No, and should appear at the end of your response after "Answer:". For instance, if your answer is Yes, end your response with "Answer: Yes".\n\n Let's think step-by-step.\n1. The premise states that the rabies virus infects the central nervous system, causing encephalopathy and ultimately death.\n2. It also mentions that early symptoms of rabies in humans are nonspecific, consisting of fever, headache, and general malaise.\n\nBased on this information, we can make some logical deductions:\n\n1. Rabies infects the central nervous system.\n2. Rabies causes encephalopathy (a brain disease or disorder).\n3. Rabies ultimately leads to death.\n4. Early symptoms of rabies are nonspecific and can be mistaken for other illnesses.\n\nAnswer: "|Yes
"Premise:\nRabies virus infects the central nervous system, causing encephalopathy and ultimately death. Early symptoms of rabies in humans are nonspecific, consisting of fever, headache, and general malaise.\nBased on this premise, can we conclude the hypothesis "Rabies is fatal in humans." is true?\nYour answer should be Yes or No, and should appear at the end of your response after "Answer:". For instance, if your answer is Yes, end your response with "Answer: Yes".\n\n Let's think step-by-step.\n1. The premise states that the rabies virus infects the central nervous system and causes encephalopathy.\n2. Encephalopathy refers to a disease or disorder of the brain.\n3. The premise also states that early symptoms of rabies in humans are fever, headache, and general malaise.\nAnswer: "|Yes
"Premise:\nRabies virus infects the central nervous system, causing encephalopathy and ultimately death. Early symptoms of rabies in humans are nonspecific, consisting of fever, headache, and general malaise.\nBased on this premise, can we conclude the hypothesis "Rabies is fatal in humans." is true?\nYour answer should be Yes or No, and should appear at the end of your response after "Answer:". For instance, if your answer is Yes, end your response with "Answer: Yes".\n\n Let's think step-by-step.\nStep 1: Rabies virus infects the central nervous system.\nStep 2: Rabies virus causes encephalopathy.\nStep 3: Rabies virus ultimately causes death.\nStep 4: Early symptoms of rabies in humans are nonspecific, consisting of fever, headache, and general malaise.\n\nAnswer: "|Yes
"Premise:\nThe development of agriculture by early humans, roughly 10,000 years ago, was also harmful to many natural ecosystems as they were systematically destroyed and replaced with artificial versions.\nBased on this premise, can we conclude the hypothesis "Humans existed 10,000 years ago." is true?\nYour answer should be Yes or No, and should appear at the end of your response after "Answer:". For instance, if your answer is Yes, end your response with "Answer: Yes".\n\n Let's think step-by-step.\nStep 1: The premise states that early humans developed agriculture roughly 10,000 years ago.\nStep 2: The premise also states that the development of agriculture by early humans was harmful to many natural ecosystems.\nAnswer: "|Yes
"Premise:\nThe development of agriculture by early humans, roughly 10,000 years ago, was also harmful to many natural ecosystems as they were systematically destroyed and replaced with artificial versions.\nBased on this premise, can we conclude the hypothesis "Humans existed 10,000 years ago." is true?\nYour answer should be Yes or No, and should appear at the end of your response after "Answer:". For instance, if your answer is Yes, end your response with "Answer: Yes".\n\n Let's think step-by-step.\n1. The premise states that early humans developed agriculture roughly 10,000 years ago.\n2. The development of agriculture by early humans was harmful to many natural ecosystems.\nAnswer: "|Yes
"Premise:\nThe development of agriculture by early humans, roughly 10,000 years ago, was also harmful to many natural ecosystems as they were systematically destroyed and replaced with artificial versions.\nBased on this premise, can we conclude the hypothesis "Humans existed 10,000 years ago." is true?\nYour answer should be Yes or No, and should appear at the end of your response after "Answer:". For instance, if your answer is Yes, end your response with "Answer: Yes".\n\n Let's think step-by-step.\n1. The premise states that early humans developed agriculture roughly 10,000 years ago.\n2. The development of agriculture by early humans was harmful to many natural ecosystems.\nAnswer: "|No
